classifier,accuracy,specificity,sensitivity,aucroc,aupr,f1
bert_chemmolefusion_capsule,0.7444889660382211±0.007970866530956923,0.7403895143304327±0.01918350247241395,0.7498815632483389±0.018490362894991966,0.7451355387893857±0.008319018967009208,0.8088162905105065±0.012204276189685793,0.745612439901681±0.009199600534214985
