classifier,accuracy,specificity,sensitivity,aucroc,aupr,f1
bert_chemmolefusion_capsule,0.7412186379928315,0.7345767575322812,0.7478510028653295,0.7412138801988055,0.8061734266860197,0.7430604982206405
