classifier,accuracy,specificity,sensitivity,aucroc,aupr,f1
bert_chemberta_attention,0.5059981998489159±0.039305523641193295,0.6976654846335697±0.39285022020340404,0.3319976607243688±0.4132310694707529,0.5148315726789693±0.032379189618134095,0.6793454675718333±0.1199944839965154,0.2588316844729325±0.29933775665338935
